<?xml version="1.0" encoding="UTF-8"?>
<project-private xmlns="http://www.netbeans.org/ns/project-private/1">
    <editor-bookmarks xmlns="http://www.netbeans.org/ns/editor-bookmarks/2" lastBookmarkId="0"/>
    <open-files xmlns="http://www.netbeans.org/ns/projectui-open-files/2">
        <group>
            <file>file:/C:/Users/tuanl/Desktop/lab9_OOP/Q1/src/q1/MyCarp.java</file>
            <file>file:/C:/Users/tuanl/Desktop/lab9_OOP/Q1/src/q1/ICarp.java</file>
            <file>file:/C:/Users/tuanl/Desktop/lab9_OOP/Q1/src/q1/Q1.java</file>
            <file>file:/C:/Users/tuanl/Desktop/lab9_OOP/Q1/src/q1/Carp.java</file>
            <file>file:/C:/Users/tuanl/Desktop/lab9_OOP/Q1/input.txt</file>
        </group>
    </open-files>
</project-private>
