<?xml version="1.0" encoding="UTF-8"?>
<project-private xmlns="http://www.netbeans.org/ns/project-private/1">
    <editor-bookmarks xmlns="http://www.netbeans.org/ns/editor-bookmarks/2" lastBookmarkId="0"/>
    <open-files xmlns="http://www.netbeans.org/ns/projectui-open-files/2">
        <group>
            <file>file:/C:/PRO192__________________________________________________________/lab4/CE180905_Lab04/src/ce180905_lab04/BookManagement.java</file>
            <file>file:/C:/PRO192__________________________________________________________/lab4/CE180905_Lab04/src/ce180905_lab04/CE180905_Lab04.java</file>
            <file>file:/C:/PRO192__________________________________________________________/lab4/CE180905_Lab04/src/ce180905_lab04/Book.java</file>
        </group>
    </open-files>
</project-private>
